UN_Code,SPECIES.ALPHA_3_CODE,AREA.CODE,MEASURE,Year,VALUE,STATUS,country,Species_name,Scientific_Name,Major_Group_En,Area_name
196,BSS,37,Q_tlw,2020,1.994,NA,Cyprus,European seabass,Dicentrarchus labrax,PISCES,Mediterranean and Black Sea
196,BSS,37,Q_tlw,2019,3.045,NA,Cyprus,European seabass,Dicentrarchus labrax,PISCES,Mediterranean and Black Sea
196,BSS,37,Q_tlw,2018,3,NA,Cyprus,European seabass,Dicentrarchus labrax,PISCES,Mediterranean and Black Sea
196,BSS,37,Q_tlw,2017,1,NA,Cyprus,European seabass,Dicentrarchus labrax,PISCES,Mediterranean and Black Sea
196,BSS,37,Q_tlw,2016,1,NA,Cyprus,European seabass,Dicentrarchus labrax,PISCES,Mediterranean and Black Sea
196,BSS,37,Q_tlw,2015,18,NA,Cyprus,European seabass,Dicentrarchus labrax,PISCES,Mediterranean and Black Sea
196,BSS,37,Q_tlw,2014,4,NA,Cyprus,European seabass,Dicentrarchus labrax,PISCES,Mediterranean and Black Sea
196,BSS,37,Q_tlw,2013,2,NA,Cyprus,European seabass,Dicentrarchus labrax,PISCES,Mediterranean and Black Sea
196,BSS,37,Q_tlw,2012,3,NA,Cyprus,European seabass,Dicentrarchus labrax,PISCES,Mediterranean and Black Sea
196,BSS,37,Q_tlw,2011,3,NA,Cyprus,European seabass,Dicentrarchus labrax,PISCES,Mediterranean and Black Sea
196,BSS,37,Q_tlw,2010,1,NA,Cyprus,European seabass,Dicentrarchus labrax,PISCES,Mediterranean and Black Sea
196,BSS,37,Q_tlw,2009,0,NA,Cyprus,European seabass,Dicentrarchus labrax,PISCES,Mediterranean and Black Sea
196,BSS,37,Q_tlw,2008,1,NA,Cyprus,European seabass,Dicentrarchus labrax,PISCES,Mediterranean and Black Sea
196,BSS,37,Q_tlw,2007,22,NA,Cyprus,European seabass,Dicentrarchus labrax,PISCES,Mediterranean and Black Sea
196,BSS,37,Q_tlw,2006,0,NA,Cyprus,European seabass,Dicentrarchus labrax,PISCES,Mediterranean and Black Sea
196,BSS,37,Q_tlw,2005,2,NA,Cyprus,European seabass,Dicentrarchus labrax,PISCES,Mediterranean and Black Sea
196,BSS,37,Q_tlw,2004,3,NA,Cyprus,European seabass,Dicentrarchus labrax,PISCES,Mediterranean and Black Sea
196,BSS,37,Q_tlw,2003,6,NA,Cyprus,European seabass,Dicentrarchus labrax,PISCES,Mediterranean and Black Sea
196,BSS,37,Q_tlw,2002,3,NA,Cyprus,European seabass,Dicentrarchus labrax,PISCES,Mediterranean and Black Sea
196,BSS,37,Q_tlw,2001,3,NA,Cyprus,European seabass,Dicentrarchus labrax,PISCES,Mediterranean and Black Sea
196,SBG,37,Q_tlw,2020,10.424,NA,Cyprus,Gilthead seabream,Sparus aurata,PISCES,Mediterranean and Black Sea
196,SBG,37,Q_tlw,2019,13.578,NA,Cyprus,Gilthead seabream,Sparus aurata,PISCES,Mediterranean and Black Sea
196,SBG,37,Q_tlw,2018,5,NA,Cyprus,Gilthead seabream,Sparus aurata,PISCES,Mediterranean and Black Sea
196,SBG,37,Q_tlw,2017,4,NA,Cyprus,Gilthead seabream,Sparus aurata,PISCES,Mediterranean and Black Sea
196,SBG,37,Q_tlw,2016,2,NA,Cyprus,Gilthead seabream,Sparus aurata,PISCES,Mediterranean and Black Sea
196,SBG,37,Q_tlw,2015,29,NA,Cyprus,Gilthead seabream,Sparus aurata,PISCES,Mediterranean and Black Sea
196,SBG,37,Q_tlw,2014,3,NA,Cyprus,Gilthead seabream,Sparus aurata,PISCES,Mediterranean and Black Sea
196,SBG,37,Q_tlw,2013,27,NA,Cyprus,Gilthead seabream,Sparus aurata,PISCES,Mediterranean and Black Sea
196,SBG,37,Q_tlw,2012,52,NA,Cyprus,Gilthead seabream,Sparus aurata,PISCES,Mediterranean and Black Sea
196,SBG,37,Q_tlw,2011,1,NA,Cyprus,Gilthead seabream,Sparus aurata,PISCES,Mediterranean and Black Sea
196,SBG,37,Q_tlw,2010,5,NA,Cyprus,Gilthead seabream,Sparus aurata,PISCES,Mediterranean and Black Sea
196,SBG,37,Q_tlw,2009,5,NA,Cyprus,Gilthead seabream,Sparus aurata,PISCES,Mediterranean and Black Sea
196,SBG,37,Q_tlw,2008,4,NA,Cyprus,Gilthead seabream,Sparus aurata,PISCES,Mediterranean and Black Sea
196,SBG,37,Q_tlw,2007,7,NA,Cyprus,Gilthead seabream,Sparus aurata,PISCES,Mediterranean and Black Sea
196,SBG,37,Q_tlw,2006,8,NA,Cyprus,Gilthead seabream,Sparus aurata,PISCES,Mediterranean and Black Sea
196,SBG,37,Q_tlw,2005,3,NA,Cyprus,Gilthead seabream,Sparus aurata,PISCES,Mediterranean and Black Sea
196,SBG,37,Q_tlw,2004,3,NA,Cyprus,Gilthead seabream,Sparus aurata,PISCES,Mediterranean and Black Sea
196,SBG,37,Q_tlw,2003,3,NA,Cyprus,Gilthead seabream,Sparus aurata,PISCES,Mediterranean and Black Sea
196,SBG,37,Q_tlw,2002,45,NA,Cyprus,Gilthead seabream,Sparus aurata,PISCES,Mediterranean and Black Sea
196,SBG,37,Q_tlw,2001,37,NA,Cyprus,Gilthead seabream,Sparus aurata,PISCES,Mediterranean and Black Sea
196,SBG,37,Q_tlw,1999,0,N,Cyprus,Gilthead seabream,Sparus aurata,PISCES,Mediterranean and Black Sea
196,SBG,37,Q_tlw,1998,0,N,Cyprus,Gilthead seabream,Sparus aurata,PISCES,Mediterranean and Black Sea
196,SBG,37,Q_tlw,1997,0,N,Cyprus,Gilthead seabream,Sparus aurata,PISCES,Mediterranean and Black Sea
196,SBG,37,Q_tlw,1996,1,NA,Cyprus,Gilthead seabream,Sparus aurata,PISCES,Mediterranean and Black Sea
196,SBG,37,Q_tlw,1995,1,NA,Cyprus,Gilthead seabream,Sparus aurata,PISCES,Mediterranean and Black Sea
196,SBG,37,Q_tlw,1994,0,NA,Cyprus,Gilthead seabream,Sparus aurata,PISCES,Mediterranean and Black Sea
196,SBG,37,Q_tlw,1993,0,NA,Cyprus,Gilthead seabream,Sparus aurata,PISCES,Mediterranean and Black Sea
196,SBG,37,Q_tlw,1992,0,NA,Cyprus,Gilthead seabream,Sparus aurata,PISCES,Mediterranean and Black Sea
196,SBG,37,Q_tlw,1991,0,NA,Cyprus,Gilthead seabream,Sparus aurata,PISCES,Mediterranean and Black Sea
196,SBG,37,Q_tlw,1990,0,NA,Cyprus,Gilthead seabream,Sparus aurata,PISCES,Mediterranean and Black Sea
196,SBG,37,Q_tlw,1989,0,NA,Cyprus,Gilthead seabream,Sparus aurata,PISCES,Mediterranean and Black Sea
196,SBG,37,Q_tlw,1988,0,NA,Cyprus,Gilthead seabream,Sparus aurata,PISCES,Mediterranean and Black Sea
196,SBG,37,Q_tlw,1987,0,NA,Cyprus,Gilthead seabream,Sparus aurata,PISCES,Mediterranean and Black Sea
250,BSS,37,Q_tlw,2020,172.201,NA,France,European seabass,Dicentrarchus labrax,PISCES,Mediterranean and Black Sea
250,BSS,37,Q_tlw,2019,191,NA,France,European seabass,Dicentrarchus labrax,PISCES,Mediterranean and Black Sea
250,BSS,37,Q_tlw,2018,160,NA,France,European seabass,Dicentrarchus labrax,PISCES,Mediterranean and Black Sea
250,BSS,37,Q_tlw,2017,136,NA,France,European seabass,Dicentrarchus labrax,PISCES,Mediterranean and Black Sea
250,BSS,37,Q_tlw,2016,84,NA,France,European seabass,Dicentrarchus labrax,PISCES,Mediterranean and Black Sea
250,BSS,37,Q_tlw,2015,95,NA,France,European seabass,Dicentrarchus labrax,PISCES,Mediterranean and Black Sea
250,BSS,37,Q_tlw,2014,108,NA,France,European seabass,Dicentrarchus labrax,PISCES,Mediterranean and Black Sea
250,BSS,37,Q_tlw,2013,104,NA,France,European seabass,Dicentrarchus labrax,PISCES,Mediterranean and Black Sea
250,BSS,37,Q_tlw,2012,118,NA,France,European seabass,Dicentrarchus labrax,PISCES,Mediterranean and Black Sea
250,BSS,37,Q_tlw,2011,163,NA,France,European seabass,Dicentrarchus labrax,PISCES,Mediterranean and Black Sea
250,BSS,37,Q_tlw,2010,214,NA,France,European seabass,Dicentrarchus labrax,PISCES,Mediterranean and Black Sea
250,BSS,37,Q_tlw,2009,194,NA,France,European seabass,Dicentrarchus labrax,PISCES,Mediterranean and Black Sea
250,BSS,37,Q_tlw,2008,228,NA,France,European seabass,Dicentrarchus labrax,PISCES,Mediterranean and Black Sea
250,BSS,37,Q_tlw,2007,279,NA,France,European seabass,Dicentrarchus labrax,PISCES,Mediterranean and Black Sea
250,BSS,37,Q_tlw,2006,277,NA,France,European seabass,Dicentrarchus labrax,PISCES,Mediterranean and Black Sea
250,BSS,37,Q_tlw,2005,251,NA,France,European seabass,Dicentrarchus labrax,PISCES,Mediterranean and Black Sea
250,BSS,37,Q_tlw,2004,285,NA,France,European seabass,Dicentrarchus labrax,PISCES,Mediterranean and Black Sea
250,BSS,37,Q_tlw,2003,239,NA,France,European seabass,Dicentrarchus labrax,PISCES,Mediterranean and Black Sea
250,BSS,37,Q_tlw,2002,261,NA,France,European seabass,Dicentrarchus labrax,PISCES,Mediterranean and Black Sea
250,BSS,37,Q_tlw,2001,251,NA,France,European seabass,Dicentrarchus labrax,PISCES,Mediterranean and Black Sea
250,BSS,37,Q_tlw,2000,271,NA,France,European seabass,Dicentrarchus labrax,PISCES,Mediterranean and Black Sea
250,BSS,37,Q_tlw,1999,279,NA,France,European seabass,Dicentrarchus labrax,PISCES,Mediterranean and Black Sea
250,BSS,37,Q_tlw,1998,167,NA,France,European seabass,Dicentrarchus labrax,PISCES,Mediterranean and Black Sea
250,BSS,37,Q_tlw,1997,167,NA,France,European seabass,Dicentrarchus labrax,PISCES,Mediterranean and Black Sea
250,BSS,37,Q_tlw,1996,167,NA,France,European seabass,Dicentrarchus labrax,PISCES,Mediterranean and Black Sea
250,BSS,37,Q_tlw,1995,179,NA,France,European seabass,Dicentrarchus labrax,PISCES,Mediterranean and Black Sea
250,BSS,37,Q_tlw,1994,199,NA,France,European seabass,Dicentrarchus labrax,PISCES,Mediterranean and Black Sea
250,BSS,37,Q_tlw,1993,984,NA,France,European seabass,Dicentrarchus labrax,PISCES,Mediterranean and Black Sea
250,BSS,37,Q_tlw,1992,582,NA,France,European seabass,Dicentrarchus labrax,PISCES,Mediterranean and Black Sea
250,BSS,37,Q_tlw,1991,560,NA,France,European seabass,Dicentrarchus labrax,PISCES,Mediterranean and Black Sea
250,BSS,37,Q_tlw,1990,699,NA,France,European seabass,Dicentrarchus labrax,PISCES,Mediterranean and Black Sea
250,BSS,37,Q_tlw,1989,752,NA,France,European seabass,Dicentrarchus labrax,PISCES,Mediterranean and Black Sea
250,BSS,37,Q_tlw,1988,755,NA,France,European seabass,Dicentrarchus labrax,PISCES,Mediterranean and Black Sea
250,BSS,37,Q_tlw,1987,722,NA,France,European seabass,Dicentrarchus labrax,PISCES,Mediterranean and Black Sea
250,BSS,37,Q_tlw,1986,635,NA,France,European seabass,Dicentrarchus labrax,PISCES,Mediterranean and Black Sea
250,BSS,37,Q_tlw,1985,765,NA,France,European seabass,Dicentrarchus labrax,PISCES,Mediterranean and Black Sea
250,BSS,37,Q_tlw,1984,551,NA,France,European seabass,Dicentrarchus labrax,PISCES,Mediterranean and Black Sea
250,BSS,37,Q_tlw,1983,629,NA,France,European seabass,Dicentrarchus labrax,PISCES,Mediterranean and Black Sea
250,BSS,37,Q_tlw,1982,1082,NA,France,European seabass,Dicentrarchus labrax,PISCES,Mediterranean and Black Sea
250,BSS,37,Q_tlw,1981,472,NA,France,European seabass,Dicentrarchus labrax,PISCES,Mediterranean and Black Sea
250,BSS,37,Q_tlw,1980,431,NA,France,European seabass,Dicentrarchus labrax,PISCES,Mediterranean and Black Sea
250,BSS,37,Q_tlw,1979,457,NA,France,European seabass,Dicentrarchus labrax,PISCES,Mediterranean and Black Sea
250,BSS,37,Q_tlw,1978,511,NA,France,European seabass,Dicentrarchus labrax,PISCES,Mediterranean and Black Sea
250,BSS,37,Q_tlw,1977,352,NA,France,European seabass,Dicentrarchus labrax,PISCES,Mediterranean and Black Sea
250,BSS,37,Q_tlw,1976,387,NA,France,European seabass,Dicentrarchus labrax,PISCES,Mediterranean and Black Sea
250,BSS,37,Q_tlw,1975,372,NA,France,European seabass,Dicentrarchus labrax,PISCES,Mediterranean and Black Sea
250,BSS,37,Q_tlw,1974,388,NA,France,European seabass,Dicentrarchus labrax,PISCES,Mediterranean and Black Sea
250,BSS,37,Q_tlw,1973,69,NA,France,European seabass,Dicentrarchus labrax,PISCES,Mediterranean and Black Sea
250,BSS,37,Q_tlw,1972,0,NA,France,European seabass,Dicentrarchus labrax,PISCES,Mediterranean and Black Sea
250,BSS,37,Q_tlw,1971,0,NA,France,European seabass,Dicentrarchus labrax,PISCES,Mediterranean and Black Sea
250,BSS,37,Q_tlw,1970,0,NA,France,European seabass,Dicentrarchus labrax,PISCES,Mediterranean and Black Sea
250,SBG,37,Q_tlw,2020,646.95,NA,France,Gilthead seabream,Sparus aurata,PISCES,Mediterranean and Black Sea
250,SBG,37,Q_tlw,2019,638,NA,France,Gilthead seabream,Sparus aurata,PISCES,Mediterranean and Black Sea
250,SBG,37,Q_tlw,2018,711,NA,France,Gilthead seabream,Sparus aurata,PISCES,Mediterranean and Black Sea
250,SBG,37,Q_tlw,2017,502,NA,France,Gilthead seabream,Sparus aurata,PISCES,Mediterranean and Black Sea
250,SBG,37,Q_tlw,2016,463,NA,France,Gilthead seabream,Sparus aurata,PISCES,Mediterranean and Black Sea
250,SBG,37,Q_tlw,2015,583,NA,France,Gilthead seabream,Sparus aurata,PISCES,Mediterranean and Black Sea
250,SBG,37,Q_tlw,2014,466,NA,France,Gilthead seabream,Sparus aurata,PISCES,Mediterranean and Black Sea
250,SBG,37,Q_tlw,2013,291,NA,France,Gilthead seabream,Sparus aurata,PISCES,Mediterranean and Black Sea
250,SBG,37,Q_tlw,2012,320,NA,France,Gilthead seabream,Sparus aurata,PISCES,Mediterranean and Black Sea
250,SBG,37,Q_tlw,2011,484,NA,France,Gilthead seabream,Sparus aurata,PISCES,Mediterranean and Black Sea
250,SBG,37,Q_tlw,2010,437,NA,France,Gilthead seabream,Sparus aurata,PISCES,Mediterranean and Black Sea
250,SBG,37,Q_tlw,2009,393,NA,France,Gilthead seabream,Sparus aurata,PISCES,Mediterranean and Black Sea
250,SBG,37,Q_tlw,2008,302,NA,France,Gilthead seabream,Sparus aurata,PISCES,Mediterranean and Black Sea
250,SBG,37,Q_tlw,2007,248,NA,France,Gilthead seabream,Sparus aurata,PISCES,Mediterranean and Black Sea
250,SBG,37,Q_tlw,2006,345,NA,France,Gilthead seabream,Sparus aurata,PISCES,Mediterranean and Black Sea
250,SBG,37,Q_tlw,2005,360,NA,France,Gilthead seabream,Sparus aurata,PISCES,Mediterranean and Black Sea
250,SBG,37,Q_tlw,2004,535,NA,France,Gilthead seabream,Sparus aurata,PISCES,Mediterranean and Black Sea
250,SBG,37,Q_tlw,2003,431,NA,France,Gilthead seabream,Sparus aurata,PISCES,Mediterranean and Black Sea
250,SBG,37,Q_tlw,2002,319,NA,France,Gilthead seabream,Sparus aurata,PISCES,Mediterranean and Black Sea
250,SBG,37,Q_tlw,2001,207,NA,France,Gilthead seabream,Sparus aurata,PISCES,Mediterranean and Black Sea
250,SBG,37,Q_tlw,2000,170,NA,France,Gilthead seabream,Sparus aurata,PISCES,Mediterranean and Black Sea
250,SBG,37,Q_tlw,1999,226,NA,France,Gilthead seabream,Sparus aurata,PISCES,Mediterranean and Black Sea
250,SBG,37,Q_tlw,1998,106,NA,France,Gilthead seabream,Sparus aurata,PISCES,Mediterranean and Black Sea
250,SBG,37,Q_tlw,1997,106,NA,France,Gilthead seabream,Sparus aurata,PISCES,Mediterranean and Black Sea
250,SBG,37,Q_tlw,1996,132,NA,France,Gilthead seabream,Sparus aurata,PISCES,Mediterranean and Black Sea
250,SBG,37,Q_tlw,1995,103,NA,France,Gilthead seabream,Sparus aurata,PISCES,Mediterranean and Black Sea
250,SBG,37,Q_tlw,1994,79,NA,France,Gilthead seabream,Sparus aurata,PISCES,Mediterranean and Black Sea
250,SBG,37,Q_tlw,1993,387,NA,France,Gilthead seabream,Sparus aurata,PISCES,Mediterranean and Black Sea
250,SBG,37,Q_tlw,1992,237,NA,France,Gilthead seabream,Sparus aurata,PISCES,Mediterranean and Black Sea
250,SBG,37,Q_tlw,1991,250,NA,France,Gilthead seabream,Sparus aurata,PISCES,Mediterranean and Black Sea
250,SBG,37,Q_tlw,1990,323,NA,France,Gilthead seabream,Sparus aurata,PISCES,Mediterranean and Black Sea
250,SBG,37,Q_tlw,1989,191,NA,France,Gilthead seabream,Sparus aurata,PISCES,Mediterranean and Black Sea
250,SBG,37,Q_tlw,1988,482,NA,France,Gilthead seabream,Sparus aurata,PISCES,Mediterranean and Black Sea
250,SBG,37,Q_tlw,1984,214,NA,France,Gilthead seabream,Sparus aurata,PISCES,Mediterranean and Black Sea
250,SBG,37,Q_tlw,1983,321,NA,France,Gilthead seabream,Sparus aurata,PISCES,Mediterranean and Black Sea
250,SBG,37,Q_tlw,1982,227,NA,France,Gilthead seabream,Sparus aurata,PISCES,Mediterranean and Black Sea
250,SBG,37,Q_tlw,1981,328,NA,France,Gilthead seabream,Sparus aurata,PISCES,Mediterranean and Black Sea
250,SBG,37,Q_tlw,1980,253,NA,France,Gilthead seabream,Sparus aurata,PISCES,Mediterranean and Black Sea
250,SBG,37,Q_tlw,1979,337,NA,France,Gilthead seabream,Sparus aurata,PISCES,Mediterranean and Black Sea
250,SBG,37,Q_tlw,1978,476,NA,France,Gilthead seabream,Sparus aurata,PISCES,Mediterranean and Black Sea
250,SBG,37,Q_tlw,1977,814,NA,France,Gilthead seabream,Sparus aurata,PISCES,Mediterranean and Black Sea
250,SBG,37,Q_tlw,1976,536,NA,France,Gilthead seabream,Sparus aurata,PISCES,Mediterranean and Black Sea
250,SBG,37,Q_tlw,1975,545,NA,France,Gilthead seabream,Sparus aurata,PISCES,Mediterranean and Black Sea
250,SBG,37,Q_tlw,1974,471,NA,France,Gilthead seabream,Sparus aurata,PISCES,Mediterranean and Black Sea
250,SBG,37,Q_tlw,1973,300,NA,France,Gilthead seabream,Sparus aurata,PISCES,Mediterranean and Black Sea
250,SBG,37,Q_tlw,1972,400,NA,France,Gilthead seabream,Sparus aurata,PISCES,Mediterranean and Black Sea
250,SBG,37,Q_tlw,1971,479,NA,France,Gilthead seabream,Sparus aurata,PISCES,Mediterranean and Black Sea
250,SBG,37,Q_tlw,1970,315,NA,France,Gilthead seabream,Sparus aurata,PISCES,Mediterranean and Black Sea
250,SBG,37,Q_tlw,1969,300,NA,France,Gilthead seabream,Sparus aurata,PISCES,Mediterranean and Black Sea
250,SBG,37,Q_tlw,1968,200,NA,France,Gilthead seabream,Sparus aurata,PISCES,Mediterranean and Black Sea
250,SBG,37,Q_tlw,1967,200,NA,France,Gilthead seabream,Sparus aurata,PISCES,Mediterranean and Black Sea
250,SBG,37,Q_tlw,1966,200,NA,France,Gilthead seabream,Sparus aurata,PISCES,Mediterranean and Black Sea
250,SBG,37,Q_tlw,1965,200,NA,France,Gilthead seabream,Sparus aurata,PISCES,Mediterranean and Black Sea
250,SBG,37,Q_tlw,1964,300,NA,France,Gilthead seabream,Sparus aurata,PISCES,Mediterranean and Black Sea
250,SBG,37,Q_tlw,1959,200,NA,France,Gilthead seabream,Sparus aurata,PISCES,Mediterranean and Black Sea
250,SBG,37,Q_tlw,1958,200,NA,France,Gilthead seabream,Sparus aurata,PISCES,Mediterranean and Black Sea
250,SBG,37,Q_tlw,1957,100,NA,France,Gilthead seabream,Sparus aurata,PISCES,Mediterranean and Black Sea
250,SBG,37,Q_tlw,1956,200,NA,France,Gilthead seabream,Sparus aurata,PISCES,Mediterranean and Black Sea
250,SBG,37,Q_tlw,1955,100,NA,France,Gilthead seabream,Sparus aurata,PISCES,Mediterranean and Black Sea
250,SBG,37,Q_tlw,1954,100,NA,France,Gilthead seabream,Sparus aurata,PISCES,Mediterranean and Black Sea
250,SBG,37,Q_tlw,1953,100,NA,France,Gilthead seabream,Sparus aurata,PISCES,Mediterranean and Black Sea
300,BSS,37,Q_tlw,2020,324.6,NA,Greece,European seabass,Dicentrarchus labrax,PISCES,Mediterranean and Black Sea
300,BSS,37,Q_tlw,2019,311,NA,Greece,European seabass,Dicentrarchus labrax,PISCES,Mediterranean and Black Sea
300,BSS,37,Q_tlw,2018,276,NA,Greece,European seabass,Dicentrarchus labrax,PISCES,Mediterranean and Black Sea
300,BSS,37,Q_tlw,2017,241,NA,Greece,European seabass,Dicentrarchus labrax,PISCES,Mediterranean and Black Sea
300,BSS,37,Q_tlw,2016,348,NA,Greece,European seabass,Dicentrarchus labrax,PISCES,Mediterranean and Black Sea
300,BSS,37,Q_tlw,2015,204,NA,Greece,European seabass,Dicentrarchus labrax,PISCES,Mediterranean and Black Sea
300,BSS,37,Q_tlw,2014,242,NA,Greece,European seabass,Dicentrarchus labrax,PISCES,Mediterranean and Black Sea
300,BSS,37,Q_tlw,2013,287,NA,Greece,European seabass,Dicentrarchus labrax,PISCES,Mediterranean and Black Sea
300,BSS,37,Q_tlw,2012,274,NA,Greece,European seabass,Dicentrarchus labrax,PISCES,Mediterranean and Black Sea
300,BSS,37,Q_tlw,2011,299,NA,Greece,European seabass,Dicentrarchus labrax,PISCES,Mediterranean and Black Sea
300,BSS,37,Q_tlw,2010,339,NA,Greece,European seabass,Dicentrarchus labrax,PISCES,Mediterranean and Black Sea
300,BSS,37,Q_tlw,2009,308,NA,Greece,European seabass,Dicentrarchus labrax,PISCES,Mediterranean and Black Sea
300,BSS,37,Q_tlw,2008,462,NA,Greece,European seabass,Dicentrarchus labrax,PISCES,Mediterranean and Black Sea
300,BSS,37,Q_tlw,2007,796,NA,Greece,European seabass,Dicentrarchus labrax,PISCES,Mediterranean and Black Sea
300,BSS,37,Q_tlw,2006,1260,NA,Greece,European seabass,Dicentrarchus labrax,PISCES,Mediterranean and Black Sea
300,BSS,37,Q_tlw,2005,812,NA,Greece,European seabass,Dicentrarchus labrax,PISCES,Mediterranean and Black Sea
300,BSS,37,Q_tlw,2004,669,NA,Greece,European seabass,Dicentrarchus labrax,PISCES,Mediterranean and Black Sea
300,BSS,37,Q_tlw,2003,551,NA,Greece,European seabass,Dicentrarchus labrax,PISCES,Mediterranean and Black Sea
300,BSS,37,Q_tlw,2002,448,NA,Greece,European seabass,Dicentrarchus labrax,PISCES,Mediterranean and Black Sea
300,BSS,37,Q_tlw,2001,280,NA,Greece,European seabass,Dicentrarchus labrax,PISCES,Mediterranean and Black Sea
300,BSS,37,Q_tlw,2000,336,NA,Greece,European seabass,Dicentrarchus labrax,PISCES,Mediterranean and Black Sea
300,BSS,37,Q_tlw,1999,263,NA,Greece,European seabass,Dicentrarchus labrax,PISCES,Mediterranean and Black Sea
300,BSS,37,Q_tlw,1998,251,NA,Greece,European seabass,Dicentrarchus labrax,PISCES,Mediterranean and Black Sea
300,BSS,37,Q_tlw,1997,361,NA,Greece,European seabass,Dicentrarchus labrax,PISCES,Mediterranean and Black Sea
300,BSS,37,Q_tlw,1996,347,NA,Greece,European seabass,Dicentrarchus labrax,PISCES,Mediterranean and Black Sea
300,BSS,37,Q_tlw,1995,392,NA,Greece,European seabass,Dicentrarchus labrax,PISCES,Mediterranean and Black Sea
300,BSS,37,Q_tlw,1994,413,NA,Greece,European seabass,Dicentrarchus labrax,PISCES,Mediterranean and Black Sea
300,BSS,37,Q_tlw,1993,412,NA,Greece,European seabass,Dicentrarchus labrax,PISCES,Mediterranean and Black Sea
300,BSS,37,Q_tlw,1992,408,NA,Greece,European seabass,Dicentrarchus labrax,PISCES,Mediterranean and Black Sea
300,BSS,37,Q_tlw,1991,215,NA,Greece,European seabass,Dicentrarchus labrax,PISCES,Mediterranean and Black Sea
300,BSS,37,Q_tlw,1990,217,NA,Greece,European seabass,Dicentrarchus labrax,PISCES,Mediterranean and Black Sea
300,BSS,37,Q_tlw,1989,437,NA,Greece,European seabass,Dicentrarchus labrax,PISCES,Mediterranean and Black Sea
300,BSS,37,Q_tlw,1988,120,NA,Greece,European seabass,Dicentrarchus labrax,PISCES,Mediterranean and Black Sea
300,BSS,37,Q_tlw,1987,76,NA,Greece,European seabass,Dicentrarchus labrax,PISCES,Mediterranean and Black Sea
300,BSS,37,Q_tlw,1986,171,NA,Greece,European seabass,Dicentrarchus labrax,PISCES,Mediterranean and Black Sea
300,BSS,37,Q_tlw,1985,67,NA,Greece,European seabass,Dicentrarchus labrax,PISCES,Mediterranean and Black Sea
300,BSS,37,Q_tlw,1984,82,NA,Greece,European seabass,Dicentrarchus labrax,PISCES,Mediterranean and Black Sea
300,BSS,37,Q_tlw,1983,77,NA,Greece,European seabass,Dicentrarchus labrax,PISCES,Mediterranean and Black Sea
300,BSS,37,Q_tlw,1982,104,NA,Greece,European seabass,Dicentrarchus labrax,PISCES,Mediterranean and Black Sea
300,BSS,37,Q_tlw,1981,0,NA,Greece,European seabass,Dicentrarchus labrax,PISCES,Mediterranean and Black Sea
300,BSS,37,Q_tlw,1980,0,NA,Greece,European seabass,Dicentrarchus labrax,PISCES,Mediterranean and Black Sea
300,BSS,37,Q_tlw,1979,0,NA,Greece,European seabass,Dicentrarchus labrax,PISCES,Mediterranean and Black Sea
300,BSS,37,Q_tlw,1978,0,NA,Greece,European seabass,Dicentrarchus labrax,PISCES,Mediterranean and Black Sea
300,BSS,37,Q_tlw,1977,0,NA,Greece,European seabass,Dicentrarchus labrax,PISCES,Mediterranean and Black Sea
300,BSS,37,Q_tlw,1976,0,NA,Greece,European seabass,Dicentrarchus labrax,PISCES,Mediterranean and Black Sea
300,BSS,37,Q_tlw,1975,0,NA,Greece,European seabass,Dicentrarchus labrax,PISCES,Mediterranean and Black Sea
300,BSS,37,Q_tlw,1974,0,NA,Greece,European seabass,Dicentrarchus labrax,PISCES,Mediterranean and Black Sea
300,BSS,37,Q_tlw,1973,0,NA,Greece,European seabass,Dicentrarchus labrax,PISCES,Mediterranean and Black Sea
300,BSS,37,Q_tlw,1972,0,NA,Greece,European seabass,Dicentrarchus labrax,PISCES,Mediterranean and Black Sea
300,BSS,37,Q_tlw,1971,0,NA,Greece,European seabass,Dicentrarchus labrax,PISCES,Mediterranean and Black Sea
300,BSS,37,Q_tlw,1970,0,NA,Greece,European seabass,Dicentrarchus labrax,PISCES,Mediterranean and Black Sea
300,BSS,37,Q_tlw,1969,400,NA,Greece,European seabass,Dicentrarchus labrax,PISCES,Mediterranean and Black Sea
300,BSS,37,Q_tlw,1968,400,NA,Greece,European seabass,Dicentrarchus labrax,PISCES,Mediterranean and Black Sea
300,BSS,37,Q_tlw,1967,400,NA,Greece,European seabass,Dicentrarchus labrax,PISCES,Mediterranean and Black Sea
300,BSS,37,Q_tlw,1966,500,NA,Greece,European seabass,Dicentrarchus labrax,PISCES,Mediterranean and Black Sea
300,BSS,37,Q_tlw,1965,500,NA,Greece,European seabass,Dicentrarchus labrax,PISCES,Mediterranean and Black Sea
300,BSS,37,Q_tlw,1964,500,NA,Greece,European seabass,Dicentrarchus labrax,PISCES,Mediterranean and Black Sea
300,BSS,37,Q_tlw,1963,400,NA,Greece,European seabass,Dicentrarchus labrax,PISCES,Mediterranean and Black Sea
300,BSS,37,Q_tlw,1962,400,NA,Greece,European seabass,Dicentrarchus labrax,PISCES,Mediterranean and Black Sea
300,BSS,37,Q_tlw,1961,400,NA,Greece,European seabass,Dicentrarchus labrax,PISCES,Mediterranean and Black Sea
300,BSS,37,Q_tlw,1960,300,NA,Greece,European seabass,Dicentrarchus labrax,PISCES,Mediterranean and Black Sea
300,BSS,37,Q_tlw,1959,300,NA,Greece,European seabass,Dicentrarchus labrax,PISCES,Mediterranean and Black Sea
300,BSS,37,Q_tlw,1958,300,NA,Greece,European seabass,Dicentrarchus labrax,PISCES,Mediterranean and Black Sea
300,SBG,37,Q_tlw,2020,536.2,NA,Greece,Gilthead seabream,Sparus aurata,PISCES,Mediterranean and Black Sea
300,SBG,37,Q_tlw,2019,504,NA,Greece,Gilthead seabream,Sparus aurata,PISCES,Mediterranean and Black Sea
300,SBG,37,Q_tlw,2018,554,NA,Greece,Gilthead seabream,Sparus aurata,PISCES,Mediterranean and Black Sea
300,SBG,37,Q_tlw,2017,383,NA,Greece,Gilthead seabream,Sparus aurata,PISCES,Mediterranean and Black Sea
300,SBG,37,Q_tlw,2016,380,NA,Greece,Gilthead seabream,Sparus aurata,PISCES,Mediterranean and Black Sea
300,SBG,37,Q_tlw,2015,194,NA,Greece,Gilthead seabream,Sparus aurata,PISCES,Mediterranean and Black Sea
300,SBG,37,Q_tlw,2014,293,NA,Greece,Gilthead seabream,Sparus aurata,PISCES,Mediterranean and Black Sea
300,SBG,37,Q_tlw,2013,205,NA,Greece,Gilthead seabream,Sparus aurata,PISCES,Mediterranean and Black Sea
300,SBG,37,Q_tlw,2012,177,NA,Greece,Gilthead seabream,Sparus aurata,PISCES,Mediterranean and Black Sea
300,SBG,37,Q_tlw,2011,187,NA,Greece,Gilthead seabream,Sparus aurata,PISCES,Mediterranean and Black Sea
300,SBG,37,Q_tlw,2010,227,NA,Greece,Gilthead seabream,Sparus aurata,PISCES,Mediterranean and Black Sea
300,SBG,37,Q_tlw,2009,194,NA,Greece,Gilthead seabream,Sparus aurata,PISCES,Mediterranean and Black Sea
300,SBG,37,Q_tlw,2008,202,NA,Greece,Gilthead seabream,Sparus aurata,PISCES,Mediterranean and Black Sea
300,SBG,37,Q_tlw,2007,166,NA,Greece,Gilthead seabream,Sparus aurata,PISCES,Mediterranean and Black Sea
300,SBG,37,Q_tlw,2006,137,NA,Greece,Gilthead seabream,Sparus aurata,PISCES,Mediterranean and Black Sea
300,SBG,37,Q_tlw,2005,357,NA,Greece,Gilthead seabream,Sparus aurata,PISCES,Mediterranean and Black Sea
300,SBG,37,Q_tlw,2004,131,NA,Greece,Gilthead seabream,Sparus aurata,PISCES,Mediterranean and Black Sea
300,SBG,37,Q_tlw,2003,172,NA,Greece,Gilthead seabream,Sparus aurata,PISCES,Mediterranean and Black Sea
300,SBG,37,Q_tlw,2002,199,NA,Greece,Gilthead seabream,Sparus aurata,PISCES,Mediterranean and Black Sea
300,SBG,37,Q_tlw,2001,176,NA,Greece,Gilthead seabream,Sparus aurata,PISCES,Mediterranean and Black Sea
300,SBG,37,Q_tlw,2000,248,NA,Greece,Gilthead seabream,Sparus aurata,PISCES,Mediterranean and Black Sea
300,SBG,37,Q_tlw,1999,142,NA,Greece,Gilthead seabream,Sparus aurata,PISCES,Mediterranean and Black Sea
300,SBG,37,Q_tlw,1998,125,NA,Greece,Gilthead seabream,Sparus aurata,PISCES,Mediterranean and Black Sea
300,SBG,37,Q_tlw,1997,138,NA,Greece,Gilthead seabream,Sparus aurata,PISCES,Mediterranean and Black Sea
300,SBG,37,Q_tlw,1996,199,NA,Greece,Gilthead seabream,Sparus aurata,PISCES,Mediterranean and Black Sea
300,SBG,37,Q_tlw,1995,201,NA,Greece,Gilthead seabream,Sparus aurata,PISCES,Mediterranean and Black Sea
300,SBG,37,Q_tlw,1994,445,NA,Greece,Gilthead seabream,Sparus aurata,PISCES,Mediterranean and Black Sea
300,SBG,37,Q_tlw,1993,310,NA,Greece,Gilthead seabream,Sparus aurata,PISCES,Mediterranean and Black Sea
300,SBG,37,Q_tlw,1992,172,NA,Greece,Gilthead seabream,Sparus aurata,PISCES,Mediterranean and Black Sea
300,SBG,37,Q_tlw,1991,101,NA,Greece,Gilthead seabream,Sparus aurata,PISCES,Mediterranean and Black Sea
300,SBG,37,Q_tlw,1990,72,NA,Greece,Gilthead seabream,Sparus aurata,PISCES,Mediterranean and Black Sea
300,SBG,37,Q_tlw,1989,110,NA,Greece,Gilthead seabream,Sparus aurata,PISCES,Mediterranean and Black Sea
300,SBG,37,Q_tlw,1988,91,NA,Greece,Gilthead seabream,Sparus aurata,PISCES,Mediterranean and Black Sea
300,SBG,37,Q_tlw,1987,244,NA,Greece,Gilthead seabream,Sparus aurata,PISCES,Mediterranean and Black Sea
300,SBG,37,Q_tlw,1986,809,NA,Greece,Gilthead seabream,Sparus aurata,PISCES,Mediterranean and Black Sea
300,SBG,37,Q_tlw,1985,326,NA,Greece,Gilthead seabream,Sparus aurata,PISCES,Mediterranean and Black Sea
300,SBG,37,Q_tlw,1984,106,NA,Greece,Gilthead seabream,Sparus aurata,PISCES,Mediterranean and Black Sea
300,SBG,37,Q_tlw,1983,122,NA,Greece,Gilthead seabream,Sparus aurata,PISCES,Mediterranean and Black Sea
300,SBG,37,Q_tlw,1982,107,NA,Greece,Gilthead seabream,Sparus aurata,PISCES,Mediterranean and Black Sea
300,SBG,37,Q_tlw,1981,0,NA,Greece,Gilthead seabream,Sparus aurata,PISCES,Mediterranean and Black Sea
300,SBG,37,Q_tlw,1980,0,NA,Greece,Gilthead seabream,Sparus aurata,PISCES,Mediterranean and Black Sea
300,SBG,37,Q_tlw,1979,0,NA,Greece,Gilthead seabream,Sparus aurata,PISCES,Mediterranean and Black Sea
300,SBG,37,Q_tlw,1978,0,NA,Greece,Gilthead seabream,Sparus aurata,PISCES,Mediterranean and Black Sea
300,SBG,37,Q_tlw,1977,0,NA,Greece,Gilthead seabream,Sparus aurata,PISCES,Mediterranean and Black Sea
300,SBG,37,Q_tlw,1976,0,NA,Greece,Gilthead seabream,Sparus aurata,PISCES,Mediterranean and Black Sea
300,SBG,37,Q_tlw,1975,0,NA,Greece,Gilthead seabream,Sparus aurata,PISCES,Mediterranean and Black Sea
300,SBG,37,Q_tlw,1974,0,NA,Greece,Gilthead seabream,Sparus aurata,PISCES,Mediterranean and Black Sea
300,SBG,37,Q_tlw,1973,0,NA,Greece,Gilthead seabream,Sparus aurata,PISCES,Mediterranean and Black Sea
300,SBG,37,Q_tlw,1972,0,NA,Greece,Gilthead seabream,Sparus aurata,PISCES,Mediterranean and Black Sea
300,SBG,37,Q_tlw,1971,0,NA,Greece,Gilthead seabream,Sparus aurata,PISCES,Mediterranean and Black Sea
300,SBG,37,Q_tlw,1970,0,NA,Greece,Gilthead seabream,Sparus aurata,PISCES,Mediterranean and Black Sea
300,SBG,37,Q_tlw,1969,200,NA,Greece,Gilthead seabream,Sparus aurata,PISCES,Mediterranean and Black Sea
300,SBG,37,Q_tlw,1968,200,NA,Greece,Gilthead seabream,Sparus aurata,PISCES,Mediterranean and Black Sea
300,SBG,37,Q_tlw,1967,200,NA,Greece,Gilthead seabream,Sparus aurata,PISCES,Mediterranean and Black Sea
300,SBG,37,Q_tlw,1966,200,NA,Greece,Gilthead seabream,Sparus aurata,PISCES,Mediterranean and Black Sea
300,SBG,37,Q_tlw,1965,200,NA,Greece,Gilthead seabream,Sparus aurata,PISCES,Mediterranean and Black Sea
300,SBG,37,Q_tlw,1964,200,NA,Greece,Gilthead seabream,Sparus aurata,PISCES,Mediterranean and Black Sea
300,SBG,37,Q_tlw,1963,100,NA,Greece,Gilthead seabream,Sparus aurata,PISCES,Mediterranean and Black Sea
300,SBG,37,Q_tlw,1962,100,NA,Greece,Gilthead seabream,Sparus aurata,PISCES,Mediterranean and Black Sea
300,SBG,37,Q_tlw,1961,100,NA,Greece,Gilthead seabream,Sparus aurata,PISCES,Mediterranean and Black Sea
300,SBG,37,Q_tlw,1960,100,NA,Greece,Gilthead seabream,Sparus aurata,PISCES,Mediterranean and Black Sea
300,SBG,37,Q_tlw,1959,200,NA,Greece,Gilthead seabream,Sparus aurata,PISCES,Mediterranean and Black Sea
300,SBG,37,Q_tlw,1958,200,NA,Greece,Gilthead seabream,Sparus aurata,PISCES,Mediterranean and Black Sea
470,BSS,37,Q_tlw,2020,0.089,NA,Malta,European seabass,Dicentrarchus labrax,PISCES,Mediterranean and Black Sea
470,BSS,37,Q_tlw,2019,1.571,NA,Malta,European seabass,Dicentrarchus labrax,PISCES,Mediterranean and Black Sea
470,BSS,37,Q_tlw,2018,0,N,Malta,European seabass,Dicentrarchus labrax,PISCES,Mediterranean and Black Sea
470,BSS,37,Q_tlw,2017,0,N,Malta,European seabass,Dicentrarchus labrax,PISCES,Mediterranean and Black Sea
470,BSS,37,Q_tlw,2016,0,N,Malta,European seabass,Dicentrarchus labrax,PISCES,Mediterranean and Black Sea
470,BSS,37,Q_tlw,2015,0,N,Malta,European seabass,Dicentrarchus labrax,PISCES,Mediterranean and Black Sea
470,BSS,37,Q_tlw,2014,0,NA,Malta,European seabass,Dicentrarchus labrax,PISCES,Mediterranean and Black Sea
470,BSS,37,Q_tlw,2013,0,NA,Malta,European seabass,Dicentrarchus labrax,PISCES,Mediterranean and Black Sea
470,BSS,37,Q_tlw,2012,0,NA,Malta,European seabass,Dicentrarchus labrax,PISCES,Mediterranean and Black Sea
470,BSS,37,Q_tlw,2011,0,NA,Malta,European seabass,Dicentrarchus labrax,PISCES,Mediterranean and Black Sea
470,BSS,37,Q_tlw,2010,0,NA,Malta,European seabass,Dicentrarchus labrax,PISCES,Mediterranean and Black Sea
470,BSS,37,Q_tlw,2009,0,NA,Malta,European seabass,Dicentrarchus labrax,PISCES,Mediterranean and Black Sea
470,BSS,37,Q_tlw,2008,0,NA,Malta,European seabass,Dicentrarchus labrax,PISCES,Mediterranean and Black Sea
470,BSS,37,Q_tlw,2007,0,N,Malta,European seabass,Dicentrarchus labrax,PISCES,Mediterranean and Black Sea
470,BSS,37,Q_tlw,2006,0,NA,Malta,European seabass,Dicentrarchus labrax,PISCES,Mediterranean and Black Sea
470,BSS,37,Q_tlw,2005,0,NA,Malta,European seabass,Dicentrarchus labrax,PISCES,Mediterranean and Black Sea
470,BSS,37,Q_tlw,2004,0,NA,Malta,European seabass,Dicentrarchus labrax,PISCES,Mediterranean and Black Sea
470,BSS,37,Q_tlw,2003,0,NA,Malta,European seabass,Dicentrarchus labrax,PISCES,Mediterranean and Black Sea
470,BSS,37,Q_tlw,2002,0,NA,Malta,European seabass,Dicentrarchus labrax,PISCES,Mediterranean and Black Sea
470,BSS,37,Q_tlw,2001,0,N,Malta,European seabass,Dicentrarchus labrax,PISCES,Mediterranean and Black Sea
470,BSS,37,Q_tlw,2000,0,N,Malta,European seabass,Dicentrarchus labrax,PISCES,Mediterranean and Black Sea
470,BSS,37,Q_tlw,1999,15,NA,Malta,European seabass,Dicentrarchus labrax,PISCES,Mediterranean and Black Sea
470,BSS,37,Q_tlw,1998,0,N,Malta,European seabass,Dicentrarchus labrax,PISCES,Mediterranean and Black Sea
470,BSS,37,Q_tlw,1997,0,N,Malta,European seabass,Dicentrarchus labrax,PISCES,Mediterranean and Black Sea
470,BSS,37,Q_tlw,1996,0,N,Malta,European seabass,Dicentrarchus labrax,PISCES,Mediterranean and Black Sea
470,BSS,37,Q_tlw,1995,0,N,Malta,European seabass,Dicentrarchus labrax,PISCES,Mediterranean and Black Sea
470,BSS,37,Q_tlw,1994,0,N,Malta,European seabass,Dicentrarchus labrax,PISCES,Mediterranean and Black Sea
470,BSS,37,Q_tlw,1993,50,NA,Malta,European seabass,Dicentrarchus labrax,PISCES,Mediterranean and Black Sea
470,BSS,37,Q_tlw,1992,0,NA,Malta,European seabass,Dicentrarchus labrax,PISCES,Mediterranean and Black Sea
470,BSS,37,Q_tlw,1991,0,NA,Malta,European seabass,Dicentrarchus labrax,PISCES,Mediterranean and Black Sea
470,SBG,37,Q_tlw,2020,1.036,NA,Malta,Gilthead seabream,Sparus aurata,PISCES,Mediterranean and Black Sea
470,SBG,37,Q_tlw,2019,18.875,NA,Malta,Gilthead seabream,Sparus aurata,PISCES,Mediterranean and Black Sea
470,SBG,37,Q_tlw,2018,1,NA,Malta,Gilthead seabream,Sparus aurata,PISCES,Mediterranean and Black Sea
470,SBG,37,Q_tlw,2017,2,NA,Malta,Gilthead seabream,Sparus aurata,PISCES,Mediterranean and Black Sea
470,SBG,37,Q_tlw,2016,1,NA,Malta,Gilthead seabream,Sparus aurata,PISCES,Mediterranean and Black Sea
470,SBG,37,Q_tlw,2015,1,NA,Malta,Gilthead seabream,Sparus aurata,PISCES,Mediterranean and Black Sea
470,SBG,37,Q_tlw,2014,0,N,Malta,Gilthead seabream,Sparus aurata,PISCES,Mediterranean and Black Sea
470,SBG,37,Q_tlw,2013,0,N,Malta,Gilthead seabream,Sparus aurata,PISCES,Mediterranean and Black Sea
470,SBG,37,Q_tlw,2012,13,NA,Malta,Gilthead seabream,Sparus aurata,PISCES,Mediterranean and Black Sea
470,SBG,37,Q_tlw,2011,0,N,Malta,Gilthead seabream,Sparus aurata,PISCES,Mediterranean and Black Sea
470,SBG,37,Q_tlw,2010,0,N,Malta,Gilthead seabream,Sparus aurata,PISCES,Mediterranean and Black Sea
470,SBG,37,Q_tlw,2009,1,NA,Malta,Gilthead seabream,Sparus aurata,PISCES,Mediterranean and Black Sea
470,SBG,37,Q_tlw,2008,2,NA,Malta,Gilthead seabream,Sparus aurata,PISCES,Mediterranean and Black Sea
470,SBG,37,Q_tlw,2007,2,NA,Malta,Gilthead seabream,Sparus aurata,PISCES,Mediterranean and Black Sea
470,SBG,37,Q_tlw,2006,0,NA,Malta,Gilthead seabream,Sparus aurata,PISCES,Mediterranean and Black Sea
470,SBG,37,Q_tlw,2005,0,NA,Malta,Gilthead seabream,Sparus aurata,PISCES,Mediterranean and Black Sea
470,SBG,37,Q_tlw,2004,0,NA,Malta,Gilthead seabream,Sparus aurata,PISCES,Mediterranean and Black Sea
470,SBG,37,Q_tlw,2003,0,NA,Malta,Gilthead seabream,Sparus aurata,PISCES,Mediterranean and Black Sea
470,SBG,37,Q_tlw,2002,0,NA,Malta,Gilthead seabream,Sparus aurata,PISCES,Mediterranean and Black Sea
470,SBG,37,Q_tlw,2001,0,NA,Malta,Gilthead seabream,Sparus aurata,PISCES,Mediterranean and Black Sea
470,SBG,37,Q_tlw,2000,0,NA,Malta,Gilthead seabream,Sparus aurata,PISCES,Mediterranean and Black Sea
470,SBG,37,Q_tlw,1999,0,NA,Malta,Gilthead seabream,Sparus aurata,PISCES,Mediterranean and Black Sea
470,SBG,37,Q_tlw,1998,0,NA,Malta,Gilthead seabream,Sparus aurata,PISCES,Mediterranean and Black Sea
470,SBG,37,Q_tlw,1997,0,NA,Malta,Gilthead seabream,Sparus aurata,PISCES,Mediterranean and Black Sea
470,SBG,37,Q_tlw,1996,0,NA,Malta,Gilthead seabream,Sparus aurata,PISCES,Mediterranean and Black Sea
470,SBG,37,Q_tlw,1995,0,NA,Malta,Gilthead seabream,Sparus aurata,PISCES,Mediterranean and Black Sea
470,SBG,37,Q_tlw,1994,0,NA,Malta,Gilthead seabream,Sparus aurata,PISCES,Mediterranean and Black Sea
470,SBG,37,Q_tlw,1993,0,NA,Malta,Gilthead seabream,Sparus aurata,PISCES,Mediterranean and Black Sea
470,SBG,37,Q_tlw,1992,0,NA,Malta,Gilthead seabream,Sparus aurata,PISCES,Mediterranean and Black Sea
470,SBG,37,Q_tlw,1991,0,NA,Malta,Gilthead seabream,Sparus aurata,PISCES,Mediterranean and Black Sea
470,SBG,37,Q_tlw,1990,0,NA,Malta,Gilthead seabream,Sparus aurata,PISCES,Mediterranean and Black Sea
470,SBG,37,Q_tlw,1989,0,NA,Malta,Gilthead seabream,Sparus aurata,PISCES,Mediterranean and Black Sea
470,SBG,37,Q_tlw,1988,0,NA,Malta,Gilthead seabream,Sparus aurata,PISCES,Mediterranean and Black Sea
470,SBG,37,Q_tlw,1987,0,NA,Malta,Gilthead seabream,Sparus aurata,PISCES,Mediterranean and Black Sea
470,SBG,37,Q_tlw,1986,0,NA,Malta,Gilthead seabream,Sparus aurata,PISCES,Mediterranean and Black Sea
470,SBG,37,Q_tlw,1985,0,NA,Malta,Gilthead seabream,Sparus aurata,PISCES,Mediterranean and Black Sea
470,SBG,37,Q_tlw,1984,0,NA,Malta,Gilthead seabream,Sparus aurata,PISCES,Mediterranean and Black Sea
470,SBG,37,Q_tlw,1983,0,NA,Malta,Gilthead seabream,Sparus aurata,PISCES,Mediterranean and Black Sea
470,SBG,37,Q_tlw,1982,0,NA,Malta,Gilthead seabream,Sparus aurata,PISCES,Mediterranean and Black Sea
470,SBG,37,Q_tlw,1981,0,NA,Malta,Gilthead seabream,Sparus aurata,PISCES,Mediterranean and Black Sea
470,SBG,37,Q_tlw,1980,0,NA,Malta,Gilthead seabream,Sparus aurata,PISCES,Mediterranean and Black Sea
470,SBG,37,Q_tlw,1979,0,NA,Malta,Gilthead seabream,Sparus aurata,PISCES,Mediterranean and Black Sea
470,SBG,37,Q_tlw,1978,0,NA,Malta,Gilthead seabream,Sparus aurata,PISCES,Mediterranean and Black Sea
470,SBG,37,Q_tlw,1977,0,NA,Malta,Gilthead seabream,Sparus aurata,PISCES,Mediterranean and Black Sea
470,SBG,37,Q_tlw,1976,0,NA,Malta,Gilthead seabream,Sparus aurata,PISCES,Mediterranean and Black Sea
470,SBG,37,Q_tlw,1975,0,NA,Malta,Gilthead seabream,Sparus aurata,PISCES,Mediterranean and Black Sea
470,SBG,37,Q_tlw,1974,0,NA,Malta,Gilthead seabream,Sparus aurata,PISCES,Mediterranean and Black Sea
470,SBG,37,Q_tlw,1973,0,NA,Malta,Gilthead seabream,Sparus aurata,PISCES,Mediterranean and Black Sea
470,SBG,37,Q_tlw,1972,0,NA,Malta,Gilthead seabream,Sparus aurata,PISCES,Mediterranean and Black Sea
470,SBG,37,Q_tlw,1971,0,NA,Malta,Gilthead seabream,Sparus aurata,PISCES,Mediterranean and Black Sea
470,SBG,37,Q_tlw,1970,0,NA,Malta,Gilthead seabream,Sparus aurata,PISCES,Mediterranean and Black Sea
470,SBG,37,Q_tlw,1969,0,NA,Malta,Gilthead seabream,Sparus aurata,PISCES,Mediterranean and Black Sea
470,SBG,37,Q_tlw,1968,0,NA,Malta,Gilthead seabream,Sparus aurata,PISCES,Mediterranean and Black Sea
470,SBG,37,Q_tlw,1967,0,NA,Malta,Gilthead seabream,Sparus aurata,PISCES,Mediterranean and Black Sea
470,SBG,37,Q_tlw,1966,0,NA,Malta,Gilthead seabream,Sparus aurata,PISCES,Mediterranean and Black Sea
470,SBG,37,Q_tlw,1965,0,NA,Malta,Gilthead seabream,Sparus aurata,PISCES,Mediterranean and Black Sea
470,SBG,37,Q_tlw,1964,0,NA,Malta,Gilthead seabream,Sparus aurata,PISCES,Mediterranean and Black Sea
470,SBG,37,Q_tlw,1963,0,NA,Malta,Gilthead seabream,Sparus aurata,PISCES,Mediterranean and Black Sea
470,SBG,37,Q_tlw,1962,0,NA,Malta,Gilthead seabream,Sparus aurata,PISCES,Mediterranean and Black Sea
470,SBG,37,Q_tlw,1961,0,NA,Malta,Gilthead seabream,Sparus aurata,PISCES,Mediterranean and Black Sea
470,SBG,37,Q_tlw,1960,0,NA,Malta,Gilthead seabream,Sparus aurata,PISCES,Mediterranean and Black Sea
470,SBG,37,Q_tlw,1959,0,NA,Malta,Gilthead seabream,Sparus aurata,PISCES,Mediterranean and Black Sea
470,SBG,37,Q_tlw,1958,0,NA,Malta,Gilthead seabream,Sparus aurata,PISCES,Mediterranean and Black Sea
470,SBG,37,Q_tlw,1957,0,NA,Malta,Gilthead seabream,Sparus aurata,PISCES,Mediterranean and Black Sea
470,SBG,37,Q_tlw,1956,0,NA,Malta,Gilthead seabream,Sparus aurata,PISCES,Mediterranean and Black Sea
470,SBG,37,Q_tlw,1955,0,NA,Malta,Gilthead seabream,Sparus aurata,PISCES,Mediterranean and Black Sea
470,SBG,37,Q_tlw,1954,0,NA,Malta,Gilthead seabream,Sparus aurata,PISCES,Mediterranean and Black Sea
470,SBG,37,Q_tlw,1953,0,NA,Malta,Gilthead seabream,Sparus aurata,PISCES,Mediterranean and Black Sea
470,SBG,37,Q_tlw,1952,0,NA,Malta,Gilthead seabream,Sparus aurata,PISCES,Mediterranean and Black Sea
470,SBG,37,Q_tlw,1951,0,NA,Malta,Gilthead seabream,Sparus aurata,PISCES,Mediterranean and Black Sea
470,SBG,37,Q_tlw,1950,0,NA,Malta,Gilthead seabream,Sparus aurata,PISCES,Mediterranean and Black Sea
705,BSS,37,Q_tlw,2020,2.579,NA,Slovenia,European seabass,Dicentrarchus labrax,PISCES,Mediterranean and Black Sea
705,BSS,37,Q_tlw,2019,3,NA,Slovenia,European seabass,Dicentrarchus labrax,PISCES,Mediterranean and Black Sea
705,BSS,37,Q_tlw,2018,4,NA,Slovenia,European seabass,Dicentrarchus labrax,PISCES,Mediterranean and Black Sea
705,BSS,37,Q_tlw,2017,4,NA,Slovenia,European seabass,Dicentrarchus labrax,PISCES,Mediterranean and Black Sea
705,BSS,37,Q_tlw,2016,3,NA,Slovenia,European seabass,Dicentrarchus labrax,PISCES,Mediterranean and Black Sea
705,BSS,37,Q_tlw,2015,4,NA,Slovenia,European seabass,Dicentrarchus labrax,PISCES,Mediterranean and Black Sea
705,BSS,37,Q_tlw,2014,3,NA,Slovenia,European seabass,Dicentrarchus labrax,PISCES,Mediterranean and Black Sea
705,BSS,37,Q_tlw,2013,2,NA,Slovenia,European seabass,Dicentrarchus labrax,PISCES,Mediterranean and Black Sea
705,BSS,37,Q_tlw,2012,3,NA,Slovenia,European seabass,Dicentrarchus labrax,PISCES,Mediterranean and Black Sea
705,BSS,37,Q_tlw,2011,4,NA,Slovenia,European seabass,Dicentrarchus labrax,PISCES,Mediterranean and Black Sea
705,BSS,37,Q_tlw,2010,4,NA,Slovenia,European seabass,Dicentrarchus labrax,PISCES,Mediterranean and Black Sea
705,BSS,37,Q_tlw,2009,7,NA,Slovenia,European seabass,Dicentrarchus labrax,PISCES,Mediterranean and Black Sea
705,BSS,37,Q_tlw,2008,4,NA,Slovenia,European seabass,Dicentrarchus labrax,PISCES,Mediterranean and Black Sea
705,BSS,37,Q_tlw,2007,1,NA,Slovenia,European seabass,Dicentrarchus labrax,PISCES,Mediterranean and Black Sea
705,BSS,37,Q_tlw,2006,1,NA,Slovenia,European seabass,Dicentrarchus labrax,PISCES,Mediterranean and Black Sea
705,BSS,37,Q_tlw,2005,1,NA,Slovenia,European seabass,Dicentrarchus labrax,PISCES,Mediterranean and Black Sea
705,BSS,37,Q_tlw,2004,2,NA,Slovenia,European seabass,Dicentrarchus labrax,PISCES,Mediterranean and Black Sea
705,BSS,37,Q_tlw,2003,7,NA,Slovenia,European seabass,Dicentrarchus labrax,PISCES,Mediterranean and Black Sea
705,BSS,37,Q_tlw,2002,4,NA,Slovenia,European seabass,Dicentrarchus labrax,PISCES,Mediterranean and Black Sea
705,BSS,37,Q_tlw,2001,5,NA,Slovenia,European seabass,Dicentrarchus labrax,PISCES,Mediterranean and Black Sea
705,BSS,37,Q_tlw,2000,1,NA,Slovenia,European seabass,Dicentrarchus labrax,PISCES,Mediterranean and Black Sea
705,BSS,37,Q_tlw,1999,1,NA,Slovenia,European seabass,Dicentrarchus labrax,PISCES,Mediterranean and Black Sea
705,BSS,37,Q_tlw,1998,0,NA,Slovenia,European seabass,Dicentrarchus labrax,PISCES,Mediterranean and Black Sea
705,BSS,37,Q_tlw,1997,0,NA,Slovenia,European seabass,Dicentrarchus labrax,PISCES,Mediterranean and Black Sea
705,BSS,37,Q_tlw,1996,0,NA,Slovenia,European seabass,Dicentrarchus labrax,PISCES,Mediterranean and Black Sea
705,BSS,37,Q_tlw,1995,2,NA,Slovenia,European seabass,Dicentrarchus labrax,PISCES,Mediterranean and Black Sea
705,BSS,37,Q_tlw,1994,0,NA,Slovenia,European seabass,Dicentrarchus labrax,PISCES,Mediterranean and Black Sea
705,BSS,37,Q_tlw,1993,0,NA,Slovenia,European seabass,Dicentrarchus labrax,PISCES,Mediterranean and Black Sea
705,BSS,37,Q_tlw,1992,0,NA,Slovenia,European seabass,Dicentrarchus labrax,PISCES,Mediterranean and Black Sea
705,SBG,37,Q_tlw,2020,13.438,NA,Slovenia,Gilthead seabream,Sparus aurata,PISCES,Mediterranean and Black Sea
705,SBG,37,Q_tlw,2019,11,NA,Slovenia,Gilthead seabream,Sparus aurata,PISCES,Mediterranean and Black Sea
705,SBG,37,Q_tlw,2018,16,NA,Slovenia,Gilthead seabream,Sparus aurata,PISCES,Mediterranean and Black Sea
705,SBG,37,Q_tlw,2017,20,NA,Slovenia,Gilthead seabream,Sparus aurata,PISCES,Mediterranean and Black Sea
705,SBG,37,Q_tlw,2016,16,NA,Slovenia,Gilthead seabream,Sparus aurata,PISCES,Mediterranean and Black Sea
705,SBG,37,Q_tlw,2015,29,NA,Slovenia,Gilthead seabream,Sparus aurata,PISCES,Mediterranean and Black Sea
705,SBG,37,Q_tlw,2014,20,NA,Slovenia,Gilthead seabream,Sparus aurata,PISCES,Mediterranean and Black Sea
705,SBG,37,Q_tlw,2013,11,NA,Slovenia,Gilthead seabream,Sparus aurata,PISCES,Mediterranean and Black Sea
705,SBG,37,Q_tlw,2012,11,NA,Slovenia,Gilthead seabream,Sparus aurata,PISCES,Mediterranean and Black Sea
705,SBG,37,Q_tlw,2011,5,NA,Slovenia,Gilthead seabream,Sparus aurata,PISCES,Mediterranean and Black Sea
705,SBG,37,Q_tlw,2010,5,NA,Slovenia,Gilthead seabream,Sparus aurata,PISCES,Mediterranean and Black Sea
705,SBG,37,Q_tlw,2009,3,NA,Slovenia,Gilthead seabream,Sparus aurata,PISCES,Mediterranean and Black Sea
705,SBG,37,Q_tlw,2008,4,NA,Slovenia,Gilthead seabream,Sparus aurata,PISCES,Mediterranean and Black Sea
705,SBG,37,Q_tlw,2007,3,NA,Slovenia,Gilthead seabream,Sparus aurata,PISCES,Mediterranean and Black Sea
705,SBG,37,Q_tlw,2006,4,NA,Slovenia,Gilthead seabream,Sparus aurata,PISCES,Mediterranean and Black Sea
705,SBG,37,Q_tlw,2005,4,NA,Slovenia,Gilthead seabream,Sparus aurata,PISCES,Mediterranean and Black Sea
705,SBG,37,Q_tlw,2004,4,NA,Slovenia,Gilthead seabream,Sparus aurata,PISCES,Mediterranean and Black Sea
705,SBG,37,Q_tlw,2003,2,NA,Slovenia,Gilthead seabream,Sparus aurata,PISCES,Mediterranean and Black Sea
705,SBG,37,Q_tlw,2002,4,NA,Slovenia,Gilthead seabream,Sparus aurata,PISCES,Mediterranean and Black Sea
705,SBG,37,Q_tlw,2001,4,NA,Slovenia,Gilthead seabream,Sparus aurata,PISCES,Mediterranean and Black Sea
705,SBG,37,Q_tlw,2000,1,NA,Slovenia,Gilthead seabream,Sparus aurata,PISCES,Mediterranean and Black Sea
705,SBG,37,Q_tlw,1999,1,NA,Slovenia,Gilthead seabream,Sparus aurata,PISCES,Mediterranean and Black Sea
705,SBG,37,Q_tlw,1998,0,NA,Slovenia,Gilthead seabream,Sparus aurata,PISCES,Mediterranean and Black Sea
705,SBG,37,Q_tlw,1997,0,NA,Slovenia,Gilthead seabream,Sparus aurata,PISCES,Mediterranean and Black Sea
705,SBG,37,Q_tlw,1996,0,NA,Slovenia,Gilthead seabream,Sparus aurata,PISCES,Mediterranean and Black Sea
705,SBG,37,Q_tlw,1995,2,NA,Slovenia,Gilthead seabream,Sparus aurata,PISCES,Mediterranean and Black Sea
705,SBG,37,Q_tlw,1994,0,NA,Slovenia,Gilthead seabream,Sparus aurata,PISCES,Mediterranean and Black Sea
705,SBG,37,Q_tlw,1993,0,NA,Slovenia,Gilthead seabream,Sparus aurata,PISCES,Mediterranean and Black Sea
705,SBG,37,Q_tlw,1992,0,NA,Slovenia,Gilthead seabream,Sparus aurata,PISCES,Mediterranean and Black Sea
724,BSS,37,Q_tlw,2020,685.63,NA,Spain,European seabass,Dicentrarchus labrax,PISCES,Mediterranean and Black Sea
724,BSS,37,Q_tlw,2019,85.72,NA,Spain,European seabass,Dicentrarchus labrax,PISCES,Mediterranean and Black Sea
724,BSS,37,Q_tlw,2018,48,NA,Spain,European seabass,Dicentrarchus labrax,PISCES,Mediterranean and Black Sea
724,BSS,37,Q_tlw,2017,154,NA,Spain,European seabass,Dicentrarchus labrax,PISCES,Mediterranean and Black Sea
724,BSS,37,Q_tlw,2016,104,NA,Spain,European seabass,Dicentrarchus labrax,PISCES,Mediterranean and Black Sea
724,BSS,37,Q_tlw,2015,100,NA,Spain,European seabass,Dicentrarchus labrax,PISCES,Mediterranean and Black Sea
724,BSS,37,Q_tlw,2014,108,NA,Spain,European seabass,Dicentrarchus labrax,PISCES,Mediterranean and Black Sea
724,BSS,37,Q_tlw,2013,104,NA,Spain,European seabass,Dicentrarchus labrax,PISCES,Mediterranean and Black Sea
724,BSS,37,Q_tlw,2012,132,NA,Spain,European seabass,Dicentrarchus labrax,PISCES,Mediterranean and Black Sea
724,BSS,37,Q_tlw,2011,180,NA,Spain,European seabass,Dicentrarchus labrax,PISCES,Mediterranean and Black Sea
724,BSS,37,Q_tlw,2010,208,NA,Spain,European seabass,Dicentrarchus labrax,PISCES,Mediterranean and Black Sea
724,BSS,37,Q_tlw,2009,222,NA,Spain,European seabass,Dicentrarchus labrax,PISCES,Mediterranean and Black Sea
724,BSS,37,Q_tlw,2008,162,NA,Spain,European seabass,Dicentrarchus labrax,PISCES,Mediterranean and Black Sea
724,BSS,37,Q_tlw,2007,206,NA,Spain,European seabass,Dicentrarchus labrax,PISCES,Mediterranean and Black Sea
724,BSS,37,Q_tlw,2006,158,NA,Spain,European seabass,Dicentrarchus labrax,PISCES,Mediterranean and Black Sea
724,BSS,37,Q_tlw,2005,183,NA,Spain,European seabass,Dicentrarchus labrax,PISCES,Mediterranean and Black Sea
724,BSS,37,Q_tlw,2004,174,NA,Spain,European seabass,Dicentrarchus labrax,PISCES,Mediterranean and Black Sea
724,BSS,37,Q_tlw,2003,147,NA,Spain,European seabass,Dicentrarchus labrax,PISCES,Mediterranean and Black Sea
724,BSS,37,Q_tlw,2002,240,NA,Spain,European seabass,Dicentrarchus labrax,PISCES,Mediterranean and Black Sea
724,BSS,37,Q_tlw,2001,258,NA,Spain,European seabass,Dicentrarchus labrax,PISCES,Mediterranean and Black Sea
724,BSS,37,Q_tlw,2000,197,NA,Spain,European seabass,Dicentrarchus labrax,PISCES,Mediterranean and Black Sea
724,BSS,37,Q_tlw,1999,158,NA,Spain,European seabass,Dicentrarchus labrax,PISCES,Mediterranean and Black Sea
724,BSS,37,Q_tlw,1998,0,NA,Spain,European seabass,Dicentrarchus labrax,PISCES,Mediterranean and Black Sea
724,BSS,37,Q_tlw,1997,0,NA,Spain,European seabass,Dicentrarchus labrax,PISCES,Mediterranean and Black Sea
724,BSS,37,Q_tlw,1996,0,NA,Spain,European seabass,Dicentrarchus labrax,PISCES,Mediterranean and Black Sea
724,BSS,37,Q_tlw,1995,0,NA,Spain,European seabass,Dicentrarchus labrax,PISCES,Mediterranean and Black Sea
724,BSS,37,Q_tlw,1994,0,NA,Spain,European seabass,Dicentrarchus labrax,PISCES,Mediterranean and Black Sea
724,BSS,37,Q_tlw,1993,0,NA,Spain,European seabass,Dicentrarchus labrax,PISCES,Mediterranean and Black Sea
724,BSS,37,Q_tlw,1992,0,NA,Spain,European seabass,Dicentrarchus labrax,PISCES,Mediterranean and Black Sea
724,BSS,37,Q_tlw,1991,0,NA,Spain,European seabass,Dicentrarchus labrax,PISCES,Mediterranean and Black Sea
724,BSS,37,Q_tlw,1990,0,NA,Spain,European seabass,Dicentrarchus labrax,PISCES,Mediterranean and Black Sea
724,BSS,37,Q_tlw,1989,0,NA,Spain,European seabass,Dicentrarchus labrax,PISCES,Mediterranean and Black Sea
724,BSS,37,Q_tlw,1988,0,NA,Spain,European seabass,Dicentrarchus labrax,PISCES,Mediterranean and Black Sea
724,BSS,37,Q_tlw,1987,0,NA,Spain,European seabass,Dicentrarchus labrax,PISCES,Mediterranean and Black Sea
724,BSS,37,Q_tlw,1986,0,NA,Spain,European seabass,Dicentrarchus labrax,PISCES,Mediterranean and Black Sea
724,BSS,37,Q_tlw,1985,0,NA,Spain,European seabass,Dicentrarchus labrax,PISCES,Mediterranean and Black Sea
724,BSS,37,Q_tlw,1984,0,NA,Spain,European seabass,Dicentrarchus labrax,PISCES,Mediterranean and Black Sea
724,BSS,37,Q_tlw,1983,0,NA,Spain,European seabass,Dicentrarchus labrax,PISCES,Mediterranean and Black Sea
724,BSS,37,Q_tlw,1982,0,NA,Spain,European seabass,Dicentrarchus labrax,PISCES,Mediterranean and Black Sea
724,BSS,37,Q_tlw,1981,0,NA,Spain,European seabass,Dicentrarchus labrax,PISCES,Mediterranean and Black Sea
724,BSS,37,Q_tlw,1980,0,NA,Spain,European seabass,Dicentrarchus labrax,PISCES,Mediterranean and Black Sea
724,BSS,37,Q_tlw,1979,0,NA,Spain,European seabass,Dicentrarchus labrax,PISCES,Mediterranean and Black Sea
724,BSS,37,Q_tlw,1978,0,NA,Spain,European seabass,Dicentrarchus labrax,PISCES,Mediterranean and Black Sea
724,BSS,37,Q_tlw,1977,0,NA,Spain,European seabass,Dicentrarchus labrax,PISCES,Mediterranean and Black Sea
724,BSS,37,Q_tlw,1976,0,NA,Spain,European seabass,Dicentrarchus labrax,PISCES,Mediterranean and Black Sea
724,BSS,37,Q_tlw,1975,0,NA,Spain,European seabass,Dicentrarchus labrax,PISCES,Mediterranean and Black Sea
724,BSS,37,Q_tlw,1974,0,NA,Spain,European seabass,Dicentrarchus labrax,PISCES,Mediterranean and Black Sea
724,BSS,37,Q_tlw,1973,0,NA,Spain,European seabass,Dicentrarchus labrax,PISCES,Mediterranean and Black Sea
724,BSS,37,Q_tlw,1972,0,NA,Spain,European seabass,Dicentrarchus labrax,PISCES,Mediterranean and Black Sea
724,BSS,37,Q_tlw,1971,0,NA,Spain,European seabass,Dicentrarchus labrax,PISCES,Mediterranean and Black Sea
724,BSS,37,Q_tlw,1970,0,NA,Spain,European seabass,Dicentrarchus labrax,PISCES,Mediterranean and Black Sea
724,BSS,37,Q_tlw,1969,0,NA,Spain,European seabass,Dicentrarchus labrax,PISCES,Mediterranean and Black Sea
724,BSS,37,Q_tlw,1968,0,NA,Spain,European seabass,Dicentrarchus labrax,PISCES,Mediterranean and Black Sea
724,BSS,37,Q_tlw,1967,0,NA,Spain,European seabass,Dicentrarchus labrax,PISCES,Mediterranean and Black Sea
724,BSS,37,Q_tlw,1966,0,NA,Spain,European seabass,Dicentrarchus labrax,PISCES,Mediterranean and Black Sea
724,BSS,37,Q_tlw,1965,0,NA,Spain,European seabass,Dicentrarchus labrax,PISCES,Mediterranean and Black Sea
724,BSS,37,Q_tlw,1964,0,NA,Spain,European seabass,Dicentrarchus labrax,PISCES,Mediterranean and Black Sea
724,BSS,37,Q_tlw,1963,0,NA,Spain,European seabass,Dicentrarchus labrax,PISCES,Mediterranean and Black Sea
724,BSS,37,Q_tlw,1962,0,NA,Spain,European seabass,Dicentrarchus labrax,PISCES,Mediterranean and Black Sea
724,BSS,37,Q_tlw,1961,0,NA,Spain,European seabass,Dicentrarchus labrax,PISCES,Mediterranean and Black Sea
724,BSS,37,Q_tlw,1960,0,NA,Spain,European seabass,Dicentrarchus labrax,PISCES,Mediterranean and Black Sea
724,BSS,37,Q_tlw,1959,0,NA,Spain,European seabass,Dicentrarchus labrax,PISCES,Mediterranean and Black Sea
724,BSS,37,Q_tlw,1958,0,NA,Spain,European seabass,Dicentrarchus labrax,PISCES,Mediterranean and Black Sea
724,BSS,37,Q_tlw,1957,0,NA,Spain,European seabass,Dicentrarchus labrax,PISCES,Mediterranean and Black Sea
724,BSS,37,Q_tlw,1956,0,NA,Spain,European seabass,Dicentrarchus labrax,PISCES,Mediterranean and Black Sea
724,BSS,37,Q_tlw,1955,0,NA,Spain,European seabass,Dicentrarchus labrax,PISCES,Mediterranean and Black Sea
724,BSS,37,Q_tlw,1954,0,NA,Spain,European seabass,Dicentrarchus labrax,PISCES,Mediterranean and Black Sea
724,BSS,37,Q_tlw,1953,0,NA,Spain,European seabass,Dicentrarchus labrax,PISCES,Mediterranean and Black Sea
724,BSS,37,Q_tlw,1952,0,NA,Spain,European seabass,Dicentrarchus labrax,PISCES,Mediterranean and Black Sea
724,BSS,37,Q_tlw,1951,0,NA,Spain,European seabass,Dicentrarchus labrax,PISCES,Mediterranean and Black Sea
724,BSS,37,Q_tlw,1950,0,NA,Spain,European seabass,Dicentrarchus labrax,PISCES,Mediterranean and Black Sea
724,SBG,37,Q_tlw,2020,1063.17,NA,Spain,Gilthead seabream,Sparus aurata,PISCES,Mediterranean and Black Sea
724,SBG,37,Q_tlw,2019,536.04,NA,Spain,Gilthead seabream,Sparus aurata,PISCES,Mediterranean and Black Sea
724,SBG,37,Q_tlw,2018,695,NA,Spain,Gilthead seabream,Sparus aurata,PISCES,Mediterranean and Black Sea
724,SBG,37,Q_tlw,2017,1100,NA,Spain,Gilthead seabream,Sparus aurata,PISCES,Mediterranean and Black Sea
724,SBG,37,Q_tlw,2016,987,NA,Spain,Gilthead seabream,Sparus aurata,PISCES,Mediterranean and Black Sea
724,SBG,37,Q_tlw,2015,663,NA,Spain,Gilthead seabream,Sparus aurata,PISCES,Mediterranean and Black Sea
724,SBG,37,Q_tlw,2014,618,NA,Spain,Gilthead seabream,Sparus aurata,PISCES,Mediterranean and Black Sea
724,SBG,37,Q_tlw,2013,828,NA,Spain,Gilthead seabream,Sparus aurata,PISCES,Mediterranean and Black Sea
724,SBG,37,Q_tlw,2012,760,NA,Spain,Gilthead seabream,Sparus aurata,PISCES,Mediterranean and Black Sea
724,SBG,37,Q_tlw,2011,1016,NA,Spain,Gilthead seabream,Sparus aurata,PISCES,Mediterranean and Black Sea
724,SBG,37,Q_tlw,2010,839,NA,Spain,Gilthead seabream,Sparus aurata,PISCES,Mediterranean and Black Sea
724,SBG,37,Q_tlw,2009,993,NA,Spain,Gilthead seabream,Sparus aurata,PISCES,Mediterranean and Black Sea
724,SBG,37,Q_tlw,2008,991,NA,Spain,Gilthead seabream,Sparus aurata,PISCES,Mediterranean and Black Sea
724,SBG,37,Q_tlw,2007,955,NA,Spain,Gilthead seabream,Sparus aurata,PISCES,Mediterranean and Black Sea
724,SBG,37,Q_tlw,2006,721,NA,Spain,Gilthead seabream,Sparus aurata,PISCES,Mediterranean and Black Sea
724,SBG,37,Q_tlw,2005,490,NA,Spain,Gilthead seabream,Sparus aurata,PISCES,Mediterranean and Black Sea
724,SBG,37,Q_tlw,2004,548,NA,Spain,Gilthead seabream,Sparus aurata,PISCES,Mediterranean and Black Sea
724,SBG,37,Q_tlw,2003,553,NA,Spain,Gilthead seabream,Sparus aurata,PISCES,Mediterranean and Black Sea
724,SBG,37,Q_tlw,2002,554,NA,Spain,Gilthead seabream,Sparus aurata,PISCES,Mediterranean and Black Sea
724,SBG,37,Q_tlw,2001,749,NA,Spain,Gilthead seabream,Sparus aurata,PISCES,Mediterranean and Black Sea
724,SBG,37,Q_tlw,2000,536,NA,Spain,Gilthead seabream,Sparus aurata,PISCES,Mediterranean and Black Sea
724,SBG,37,Q_tlw,1999,103,NA,Spain,Gilthead seabream,Sparus aurata,PISCES,Mediterranean and Black Sea
724,SBG,37,Q_tlw,1998,226,NA,Spain,Gilthead seabream,Sparus aurata,PISCES,Mediterranean and Black Sea
724,SBG,37,Q_tlw,1997,168,NA,Spain,Gilthead seabream,Sparus aurata,PISCES,Mediterranean and Black Sea
724,SBG,37,Q_tlw,1996,170,NA,Spain,Gilthead seabream,Sparus aurata,PISCES,Mediterranean and Black Sea
724,SBG,37,Q_tlw,1995,190,E,Spain,Gilthead seabream,Sparus aurata,PISCES,Mediterranean and Black Sea
724,SBG,37,Q_tlw,1994,210,E,Spain,Gilthead seabream,Sparus aurata,PISCES,Mediterranean and Black Sea
724,SBG,37,Q_tlw,1993,230,E,Spain,Gilthead seabream,Sparus aurata,PISCES,Mediterranean and Black Sea
724,SBG,37,Q_tlw,1992,250,E,Spain,Gilthead seabream,Sparus aurata,PISCES,Mediterranean and Black Sea
724,SBG,37,Q_tlw,1991,270,E,Spain,Gilthead seabream,Sparus aurata,PISCES,Mediterranean and Black Sea
724,SBG,37,Q_tlw,1990,290,E,Spain,Gilthead seabream,Sparus aurata,PISCES,Mediterranean and Black Sea
724,SBG,37,Q_tlw,1989,303,NA,Spain,Gilthead seabream,Sparus aurata,PISCES,Mediterranean and Black Sea
724,SBG,37,Q_tlw,1988,282,NA,Spain,Gilthead seabream,Sparus aurata,PISCES,Mediterranean and Black Sea
724,SBG,37,Q_tlw,1985,346,NA,Spain,Gilthead seabream,Sparus aurata,PISCES,Mediterranean and Black Sea
724,SBG,37,Q_tlw,1984,350,NA,Spain,Gilthead seabream,Sparus aurata,PISCES,Mediterranean and Black Sea
724,SBG,37,Q_tlw,1983,378,NA,Spain,Gilthead seabream,Sparus aurata,PISCES,Mediterranean and Black Sea
724,SBG,37,Q_tlw,1982,355,NA,Spain,Gilthead seabream,Sparus aurata,PISCES,Mediterranean and Black Sea
724,SBG,37,Q_tlw,1981,402,NA,Spain,Gilthead seabream,Sparus aurata,PISCES,Mediterranean and Black Sea
724,SBG,37,Q_tlw,1980,493,NA,Spain,Gilthead seabream,Sparus aurata,PISCES,Mediterranean and Black Sea
724,SBG,37,Q_tlw,1979,104,NA,Spain,Gilthead seabream,Sparus aurata,PISCES,Mediterranean and Black Sea
724,SBG,37,Q_tlw,1978,300,NA,Spain,Gilthead seabream,Sparus aurata,PISCES,Mediterranean and Black Sea
724,SBG,37,Q_tlw,1977,278,NA,Spain,Gilthead seabream,Sparus aurata,PISCES,Mediterranean and Black Sea
724,SBG,37,Q_tlw,1976,306,NA,Spain,Gilthead seabream,Sparus aurata,PISCES,Mediterranean and Black Sea
724,SBG,37,Q_tlw,1975,289,NA,Spain,Gilthead seabream,Sparus aurata,PISCES,Mediterranean and Black Sea
724,SBG,37,Q_tlw,1974,200,NA,Spain,Gilthead seabream,Sparus aurata,PISCES,Mediterranean and Black Sea
724,SBG,37,Q_tlw,1969,100,NA,Spain,Gilthead seabream,Sparus aurata,PISCES,Mediterranean and Black Sea
724,SBG,37,Q_tlw,1968,100,NA,Spain,Gilthead seabream,Sparus aurata,PISCES,Mediterranean and Black Sea
724,SBG,37,Q_tlw,1967,100,NA,Spain,Gilthead seabream,Sparus aurata,PISCES,Mediterranean and Black Sea
724,SBG,37,Q_tlw,1966,100,NA,Spain,Gilthead seabream,Sparus aurata,PISCES,Mediterranean and Black Sea
724,SBG,37,Q_tlw,1965,200,NA,Spain,Gilthead seabream,Sparus aurata,PISCES,Mediterranean and Black Sea
724,SBG,37,Q_tlw,1964,200,NA,Spain,Gilthead seabream,Sparus aurata,PISCES,Mediterranean and Black Sea
724,SBG,37,Q_tlw,1963,200,NA,Spain,Gilthead seabream,Sparus aurata,PISCES,Mediterranean and Black Sea
724,SBG,37,Q_tlw,1962,100,NA,Spain,Gilthead seabream,Sparus aurata,PISCES,Mediterranean and Black Sea
